protein,aminoacid,freq
CTD,A,0.015503875968992248
FUS,A,0.018691588785046728
TAF15,A,0.009615384615384616
CTD,D,0.007751937984496124
FUS,D,0.02336448598130841
TAF15,D,0.08173076923076923
CTD,E,0.023255813953488372
FUS,E,0.0
TAF15,E,0.028846153846153848
CTD,G,0.015503875968992248
FUS,G,0.24766355140186916
TAF15,G,0.19230769230769232
CTD,H,0.007751937984496124
FUS,H,0.0
TAF15,H,0.02403846153846154
CTD,K,0.015503875968992248
FUS,K,0.0
TAF15,K,0.009615384615384616
CTD,M,0.0
FUS,M,0.009345794392523364
TAF15,M,0.014423076923076924
CTD,N,0.031007751937984496
FUS,N,0.03271028037383177
TAF15,N,0.04807692307692308
CTD,P,0.2558139534883721
FUS,P,0.0514018691588785
TAF15,P,0.02403846153846154
CTD,Q,0.015503875968992248
FUS,Q,0.20093457943925233
TAF15,Q,0.17307692307692307
CTD,R,0.007751937984496124
FUS,R,0.004672897196261682
TAF15,R,0.04807692307692308
CTD,S,0.35658914728682173
FUS,S,0.2383177570093458
TAF15,S,0.1875
CTD,T,0.11627906976744186
FUS,T,0.04672897196261682
TAF15,T,0.02403846153846154
CTD,V,0.0
FUS,V,0.0
TAF15,V,0.004807692307692308
CTD,Y,0.13178294573643412
FUS,Y,0.1261682242990654
TAF15,Y,0.12980769230769232
